annot.clip,annot.clip.dur.ms,filename
annotated-2040000_2100000-1,60000,e20170707_092123_013098.its
annotated-3840000_3900000-2,60000,e20170707_092123_013098.its
annotated-5640000_5700000-3,60000,e20170707_092123_013098.its
annotated-7440000_7500000-4,60000,e20170707_092123_013098.its
annotated-9240000_9300000-5,60000,e20170707_092123_013098.its
annotated-11040000_11100000-6,60000,e20170707_092123_013098.its
annotated-12840000_12900000-7,60000,e20170707_092123_013098.its
annotated-14640000_14700000-8,60000,e20170707_092123_013098.its
annotated-16440000_16500000-9,60000,e20170707_092123_013098.its
annotated-18240000_18300000-10,60000,e20170707_092123_013098.its
annotated-20040000_20100000-11,60000,e20170707_092123_013098.its
annotated-21840000_21900000-12,60000,e20170707_092123_013098.its
annotated-23640000_23700000-13,60000,e20170707_092123_013098.its
annotated-25440000_25500000-14,60000,e20170707_092123_013098.its
annotated-27240000_27300000-15,60000,e20170707_092123_013098.its
annotated-29040000_29100000-16,60000,e20170707_092123_013098.its
annotated-30840000_30900000-17,60000,e20170707_092123_013098.its
annotated-32640000_32700000-18,60000,e20170707_092123_013098.its
annotated-34440000_34500000-19,60000,e20170707_092123_013098.its
annotated-36240000_36300000-20,60000,e20170707_092123_013098.its
annotated-38040000_38100000-21,60000,e20170707_092123_013098.its
annotated-39840000_39900000-22,60000,e20170707_092123_013098.its
annotated-41640000_41700000-23,60000,e20170707_092123_013098.its
annotated-43440000_43500000-24,60000,e20170707_092123_013098.its
annotated-45240000_45300000-25,60000,e20170707_092123_013098.its
annotated-47040000_47100000-26,60000,e20170707_092123_013098.its
annotated-48840000_48900000-27,60000,e20170707_092123_013098.its
annotated-50640000_50700000-28,60000,e20170707_092123_013098.its
annotated-52440000_52500000-29,60000,e20170707_092123_013098.its
annotated-54240000_54300000-30,60000,e20170707_092123_013098.its
annotated-56040000_56100000-31,60000,e20170707_092123_013098.its
annotated-2040000_2100000-1,60000,e20170709_154406_009458.its
annotated-3840000_3900000-2,60000,e20170709_154406_009458.its
annotated-5640000_5700000-3,60000,e20170709_154406_009458.its
annotated-7440000_7500000-4,60000,e20170709_154406_009458.its
annotated-9240000_9300000-5,60000,e20170709_154406_009458.its
annotated-11040000_11100000-6,60000,e20170709_154406_009458.its
annotated-12840000_12900000-7,60000,e20170709_154406_009458.its
annotated-14640000_14700000-8,60000,e20170709_154406_009458.its
annotated-16440000_16500000-9,60000,e20170709_154406_009458.its
annotated-18240000_18300000-10,60000,e20170709_154406_009458.its
annotated-20040000_20100000-11,60000,e20170709_154406_009458.its
annotated-21840000_21900000-12,60000,e20170709_154406_009458.its
annotated-23640000_23700000-13,60000,e20170709_154406_009458.its
annotated-25440000_25500000-14,60000,e20170709_154406_009458.its
annotated-27240000_27300000-15,60000,e20170709_154406_009458.its
annotated-29040000_29100000-16,60000,e20170709_154406_009458.its
annotated-30840000_30900000-17,60000,e20170709_154406_009458.its
annotated-32640000_32700000-18,60000,e20170709_154406_009458.its
annotated-34440000_34500000-19,60000,e20170709_154406_009458.its
annotated-36240000_36300000-20,60000,e20170709_154406_009458.its
annotated-38040000_38100000-21,60000,e20170709_154406_009458.its
annotated-39840000_39900000-22,60000,e20170709_154406_009458.its
annotated-41640000_41700000-23,60000,e20170709_154406_009458.its
annotated-43440000_43500000-24,60000,e20170709_154406_009458.its
annotated-45240000_45300000-25,60000,e20170709_154406_009458.its
annotated-47040000_47100000-26,60000,e20170709_154406_009458.its
annotated-48840000_48900000-27,60000,e20170709_154406_009458.its
annotated-50640000_50700000-28,60000,e20170709_154406_009458.its
annotated-52440000_52500000-29,60000,e20170709_154406_009458.its
annotated-54240000_54300000-30,60000,e20170709_154406_009458.its
annotated-56040000_56100000-31,60000,e20170709_154406_009458.its
annotated-2040000_2100000-1,60000,e20170709_154812_013104.its
annotated-3840000_3900000-2,60000,e20170709_154812_013104.its
annotated-5640000_5700000-3,60000,e20170709_154812_013104.its
annotated-7440000_7500000-4,60000,e20170709_154812_013104.its
annotated-9240000_9300000-5,60000,e20170709_154812_013104.its
annotated-11040000_11100000-6,60000,e20170709_154812_013104.its
annotated-12840000_12900000-7,60000,e20170709_154812_013104.its
annotated-14640000_14700000-8,60000,e20170709_154812_013104.its
annotated-16440000_16500000-9,60000,e20170709_154812_013104.its
annotated-18240000_18300000-10,60000,e20170709_154812_013104.its
annotated-20040000_20100000-11,60000,e20170709_154812_013104.its
annotated-21840000_21900000-12,60000,e20170709_154812_013104.its
annotated-23640000_23700000-13,60000,e20170709_154812_013104.its
annotated-25440000_25500000-14,60000,e20170709_154812_013104.its
annotated-27240000_27300000-15,60000,e20170709_154812_013104.its
annotated-29040000_29100000-16,60000,e20170709_154812_013104.its
annotated-30840000_30900000-17,60000,e20170709_154812_013104.its
annotated-32640000_32700000-18,60000,e20170709_154812_013104.its
annotated-34440000_34500000-19,60000,e20170709_154812_013104.its
annotated-36240000_36300000-20,60000,e20170709_154812_013104.its
annotated-38040000_38100000-21,60000,e20170709_154812_013104.its
annotated-39840000_39900000-22,60000,e20170709_154812_013104.its
annotated-41640000_41700000-23,60000,e20170709_154812_013104.its
annotated-43440000_43500000-24,60000,e20170709_154812_013104.its
annotated-45240000_45300000-25,60000,e20170709_154812_013104.its
annotated-47040000_47100000-26,60000,e20170709_154812_013104.its
annotated-48840000_48900000-27,60000,e20170709_154812_013104.its
annotated-50640000_50700000-28,60000,e20170709_154812_013104.its
annotated-52440000_52500000-29,60000,e20170709_154812_013104.its
annotated-54240000_54300000-30,60000,e20170709_154812_013104.its
annotated-56040000_56100000-31,60000,e20170709_154812_013104.its
annotated-2040000_2100000-1,60000,e20170713_094014_013103.its
annotated-3840000_3900000-2,60000,e20170713_094014_013103.its
annotated-5640000_5700000-3,60000,e20170713_094014_013103.its
annotated-7440000_7500000-4,60000,e20170713_094014_013103.its
annotated-9240000_9300000-5,60000,e20170713_094014_013103.its
annotated-11040000_11100000-6,60000,e20170713_094014_013103.its
annotated-12840000_12900000-7,60000,e20170713_094014_013103.its
annotated-14640000_14700000-8,60000,e20170713_094014_013103.its
annotated-16440000_16500000-9,60000,e20170713_094014_013103.its
annotated-18240000_18300000-10,60000,e20170713_094014_013103.its
annotated-20040000_20100000-11,60000,e20170713_094014_013103.its
annotated-21840000_21900000-12,60000,e20170713_094014_013103.its
annotated-23640000_23700000-13,60000,e20170713_094014_013103.its
annotated-25440000_25500000-14,60000,e20170713_094014_013103.its
annotated-27240000_27300000-15,60000,e20170713_094014_013103.its
annotated-29040000_29100000-16,60000,e20170713_094014_013103.its
annotated-30840000_30900000-17,60000,e20170713_094014_013103.its
annotated-32640000_32700000-18,60000,e20170713_094014_013103.its
annotated-34440000_34500000-19,60000,e20170713_094014_013103.its
annotated-36240000_36300000-20,60000,e20170713_094014_013103.its
annotated-38040000_38100000-21,60000,e20170713_094014_013103.its
annotated-39840000_39900000-22,60000,e20170713_094014_013103.its
annotated-41640000_41700000-23,60000,e20170713_094014_013103.its
annotated-43440000_43500000-24,60000,e20170713_094014_013103.its
annotated-45240000_45300000-25,60000,e20170713_094014_013103.its
annotated-47040000_47100000-26,60000,e20170713_094014_013103.its
annotated-48840000_48900000-27,60000,e20170713_094014_013103.its
annotated-50640000_50700000-28,60000,e20170713_094014_013103.its
annotated-52440000_52500000-29,60000,e20170713_094014_013103.its
annotated-54240000_54300000-30,60000,e20170713_094014_013103.its
annotated-56040000_56100000-31,60000,e20170713_094014_013103.its
annotated-2040000_2100000-1,60000,e20170714_181600_009456.its
annotated-3840000_3900000-2,60000,e20170714_181600_009456.its
annotated-5640000_5700000-3,60000,e20170714_181600_009456.its
annotated-7440000_7500000-4,60000,e20170714_181600_009456.its
annotated-9240000_9300000-5,60000,e20170714_181600_009456.its
annotated-11040000_11100000-6,60000,e20170714_181600_009456.its
annotated-12840000_12900000-7,60000,e20170714_181600_009456.its
annotated-14640000_14700000-8,60000,e20170714_181600_009456.its
annotated-16440000_16500000-9,60000,e20170714_181600_009456.its
annotated-18240000_18300000-10,60000,e20170714_181600_009456.its
annotated-20040000_20100000-11,60000,e20170714_181600_009456.its
annotated-21840000_21900000-12,60000,e20170714_181600_009456.its
annotated-23640000_23700000-13,60000,e20170714_181600_009456.its
annotated-25440000_25500000-14,60000,e20170714_181600_009456.its
annotated-27240000_27300000-15,60000,e20170714_181600_009456.its
annotated-29040000_29100000-16,60000,e20170714_181600_009456.its
annotated-30840000_30900000-17,60000,e20170714_181600_009456.its
annotated-32640000_32700000-18,60000,e20170714_181600_009456.its
annotated-34440000_34500000-19,60000,e20170714_181600_009456.its
annotated-36240000_36300000-20,60000,e20170714_181600_009456.its
annotated-38040000_38100000-21,60000,e20170714_181600_009456.its
annotated-39840000_39900000-22,60000,e20170714_181600_009456.its
annotated-41640000_41700000-23,60000,e20170714_181600_009456.its
annotated-43440000_43500000-24,60000,e20170714_181600_009456.its
annotated-45240000_45300000-25,60000,e20170714_181600_009456.its
annotated-47040000_47100000-26,60000,e20170714_181600_009456.its
annotated-48840000_48900000-27,60000,e20170714_181600_009456.its
annotated-50640000_50700000-28,60000,e20170714_181600_009456.its
annotated-52440000_52500000-29,60000,e20170714_181600_009456.its
annotated-54240000_54300000-30,60000,e20170714_181600_009456.its
annotated-56040000_56100000-31,60000,e20170714_181600_009456.its
annotated-2040000_2100000-1,60000,e20170714_182140_013097.its
annotated-3840000_3900000-2,60000,e20170714_182140_013097.its
annotated-5640000_5700000-3,60000,e20170714_182140_013097.its
annotated-7440000_7500000-4,60000,e20170714_182140_013097.its
annotated-9240000_9300000-5,60000,e20170714_182140_013097.its
annotated-11040000_11100000-6,60000,e20170714_182140_013097.its
annotated-12840000_12900000-7,60000,e20170714_182140_013097.its
annotated-14640000_14700000-8,60000,e20170714_182140_013097.its
annotated-16440000_16500000-9,60000,e20170714_182140_013097.its
annotated-18240000_18300000-10,60000,e20170714_182140_013097.its
annotated-20040000_20100000-11,60000,e20170714_182140_013097.its
annotated-21840000_21900000-12,60000,e20170714_182140_013097.its
annotated-23640000_23700000-13,60000,e20170714_182140_013097.its
annotated-25440000_25500000-14,60000,e20170714_182140_013097.its
annotated-27240000_27300000-15,60000,e20170714_182140_013097.its
annotated-29040000_29100000-16,60000,e20170714_182140_013097.its
annotated-30840000_30900000-17,60000,e20170714_182140_013097.its
annotated-32640000_32700000-18,60000,e20170714_182140_013097.its
annotated-34440000_34500000-19,60000,e20170714_182140_013097.its
annotated-36240000_36300000-20,60000,e20170714_182140_013097.its
annotated-38040000_38100000-21,60000,e20170714_182140_013097.its
annotated-39840000_39900000-22,60000,e20170714_182140_013097.its
annotated-41640000_41700000-23,60000,e20170714_182140_013097.its
annotated-43440000_43500000-24,60000,e20170714_182140_013097.its
annotated-45240000_45300000-25,60000,e20170714_182140_013097.its
annotated-47040000_47100000-26,60000,e20170714_182140_013097.its
annotated-48840000_48900000-27,60000,e20170714_182140_013097.its
annotated-50640000_50700000-28,60000,e20170714_182140_013097.its
annotated-52440000_52500000-29,60000,e20170714_182140_013097.its
annotated-54240000_54300000-30,60000,e20170714_182140_013097.its
annotated-2040000_2100000-1,60000,e20170714_182445_013098.its
annotated-3840000_3900000-2,60000,e20170714_182445_013098.its
annotated-5640000_5700000-3,60000,e20170714_182445_013098.its
annotated-7440000_7500000-4,60000,e20170714_182445_013098.its
annotated-9240000_9300000-5,60000,e20170714_182445_013098.its
annotated-11040000_11100000-6,60000,e20170714_182445_013098.its
annotated-12840000_12900000-7,60000,e20170714_182445_013098.its
annotated-14640000_14700000-8,60000,e20170714_182445_013098.its
annotated-16440000_16500000-9,60000,e20170714_182445_013098.its
annotated-18240000_18300000-10,60000,e20170714_182445_013098.its
annotated-20040000_20100000-11,60000,e20170714_182445_013098.its
annotated-21840000_21900000-12,60000,e20170714_182445_013098.its
annotated-23640000_23700000-13,60000,e20170714_182445_013098.its
annotated-25440000_25500000-14,60000,e20170714_182445_013098.its
annotated-27240000_27300000-15,60000,e20170714_182445_013098.its
annotated-29040000_29100000-16,60000,e20170714_182445_013098.its
annotated-30840000_30900000-17,60000,e20170714_182445_013098.its
annotated-32640000_32700000-18,60000,e20170714_182445_013098.its
annotated-34440000_34500000-19,60000,e20170714_182445_013098.its
annotated-36240000_36300000-20,60000,e20170714_182445_013098.its
annotated-38040000_38100000-21,60000,e20170714_182445_013098.its
annotated-39840000_39900000-22,60000,e20170714_182445_013098.its
annotated-41640000_41700000-23,60000,e20170714_182445_013098.its
annotated-43440000_43500000-24,60000,e20170714_182445_013098.its
annotated-45240000_45300000-25,60000,e20170714_182445_013098.its
annotated-47040000_47100000-26,60000,e20170714_182445_013098.its
annotated-48840000_48900000-27,60000,e20170714_182445_013098.its
annotated-50640000_50700000-28,60000,e20170714_182445_013098.its
annotated-52440000_52500000-29,60000,e20170714_182445_013098.its
annotated-54240000_54300000-30,60000,e20170714_182445_013098.its
annotated-56040000_56100000-31,60000,e20170714_182445_013098.its
annotated-2040000_2100000-1,60000,e20170714_182735_013104.its
annotated-3840000_3900000-2,60000,e20170714_182735_013104.its
annotated-5640000_5700000-3,60000,e20170714_182735_013104.its
annotated-7440000_7500000-4,60000,e20170714_182735_013104.its
annotated-9240000_9300000-5,60000,e20170714_182735_013104.its
annotated-11040000_11100000-6,60000,e20170714_182735_013104.its
annotated-12840000_12900000-7,60000,e20170714_182735_013104.its
annotated-14640000_14700000-8,60000,e20170714_182735_013104.its
annotated-16440000_16500000-9,60000,e20170714_182735_013104.its
annotated-18240000_18300000-10,60000,e20170714_182735_013104.its
annotated-20040000_20100000-11,60000,e20170714_182735_013104.its
annotated-21840000_21900000-12,60000,e20170714_182735_013104.its
annotated-23640000_23700000-13,60000,e20170714_182735_013104.its
annotated-25440000_25500000-14,60000,e20170714_182735_013104.its
annotated-27240000_27300000-15,60000,e20170714_182735_013104.its
annotated-29040000_29100000-16,60000,e20170714_182735_013104.its
annotated-30840000_30900000-17,60000,e20170714_182735_013104.its
annotated-32640000_32700000-18,60000,e20170714_182735_013104.its
annotated-34440000_34500000-19,60000,e20170714_182735_013104.its
annotated-36240000_36300000-20,60000,e20170714_182735_013104.its
annotated-38040000_38100000-21,60000,e20170714_182735_013104.its
annotated-39840000_39900000-22,60000,e20170714_182735_013104.its
annotated-41640000_41700000-23,60000,e20170714_182735_013104.its
annotated-43440000_43500000-24,60000,e20170714_182735_013104.its
annotated-45240000_45300000-25,60000,e20170714_182735_013104.its
annotated-47040000_47100000-26,60000,e20170714_182735_013104.its
annotated-48840000_48900000-27,60000,e20170714_182735_013104.its
annotated-50640000_50700000-28,60000,e20170714_182735_013104.its
annotated-52440000_52500000-29,60000,e20170714_182735_013104.its
annotated-2040000_2100000-1,60000,e20170714_183036_013099.its
annotated-3840000_3900000-2,60000,e20170714_183036_013099.its
annotated-5640000_5700000-3,60000,e20170714_183036_013099.its
annotated-7440000_7500000-4,60000,e20170714_183036_013099.its
annotated-9240000_9300000-5,60000,e20170714_183036_013099.its
annotated-11040000_11100000-6,60000,e20170714_183036_013099.its
annotated-12840000_12900000-7,60000,e20170714_183036_013099.its
annotated-14640000_14700000-8,60000,e20170714_183036_013099.its
annotated-16440000_16500000-9,60000,e20170714_183036_013099.its
annotated-18240000_18300000-10,60000,e20170714_183036_013099.its
annotated-20040000_20100000-11,60000,e20170714_183036_013099.its
annotated-21840000_21900000-12,60000,e20170714_183036_013099.its
annotated-23640000_23700000-13,60000,e20170714_183036_013099.its
annotated-25440000_25500000-14,60000,e20170714_183036_013099.its
annotated-27240000_27300000-15,60000,e20170714_183036_013099.its
annotated-29040000_29100000-16,60000,e20170714_183036_013099.its
annotated-30840000_30900000-17,60000,e20170714_183036_013099.its
annotated-32640000_32700000-18,60000,e20170714_183036_013099.its
annotated-34440000_34500000-19,60000,e20170714_183036_013099.its
annotated-36240000_36300000-20,60000,e20170714_183036_013099.its
annotated-38040000_38100000-21,60000,e20170714_183036_013099.its
annotated-39840000_39900000-22,60000,e20170714_183036_013099.its
annotated-41640000_41700000-23,60000,e20170714_183036_013099.its
annotated-43440000_43500000-24,60000,e20170714_183036_013099.its
annotated-45240000_45300000-25,60000,e20170714_183036_013099.its
annotated-47040000_47100000-26,60000,e20170714_183036_013099.its
annotated-48840000_48900000-27,60000,e20170714_183036_013099.its
annotated-50640000_50700000-28,60000,e20170714_183036_013099.its
annotated-52440000_52500000-29,60000,e20170714_183036_013099.its
annotated-54240000_54300000-30,60000,e20170714_183036_013099.its
annotated-56040000_56100000-31,60000,e20170714_183036_013099.its
annotated-2040000_2100000-1,60000,e20170714_183253_013101.its
annotated-3840000_3900000-2,60000,e20170714_183253_013101.its
annotated-5640000_5700000-3,60000,e20170714_183253_013101.its
annotated-7440000_7500000-4,60000,e20170714_183253_013101.its
annotated-9240000_9300000-5,60000,e20170714_183253_013101.its
annotated-11040000_11100000-6,60000,e20170714_183253_013101.its
annotated-12840000_12900000-7,60000,e20170714_183253_013101.its
annotated-14640000_14700000-8,60000,e20170714_183253_013101.its
annotated-16440000_16500000-9,60000,e20170714_183253_013101.its
annotated-18240000_18300000-10,60000,e20170714_183253_013101.its
annotated-20040000_20100000-11,60000,e20170714_183253_013101.its
annotated-21840000_21900000-12,60000,e20170714_183253_013101.its
annotated-23640000_23700000-13,60000,e20170714_183253_013101.its
annotated-25440000_25500000-14,60000,e20170714_183253_013101.its
annotated-27240000_27300000-15,60000,e20170714_183253_013101.its
annotated-29040000_29100000-16,60000,e20170714_183253_013101.its
annotated-30840000_30900000-17,60000,e20170714_183253_013101.its
annotated-32640000_32700000-18,60000,e20170714_183253_013101.its
annotated-34440000_34500000-19,60000,e20170714_183253_013101.its
annotated-36240000_36300000-20,60000,e20170714_183253_013101.its
annotated-38040000_38100000-21,60000,e20170714_183253_013101.its
annotated-39840000_39900000-22,60000,e20170714_183253_013101.its
annotated-41640000_41700000-23,60000,e20170714_183253_013101.its
annotated-43440000_43500000-24,60000,e20170714_183253_013101.its
annotated-45240000_45300000-25,60000,e20170714_183253_013101.its
annotated-47040000_47100000-26,60000,e20170714_183253_013101.its
annotated-48840000_48900000-27,60000,e20170714_183253_013101.its
annotated-50640000_50700000-28,60000,e20170714_183253_013101.its
annotated-52440000_52500000-29,60000,e20170714_183253_013101.its
annotated-54240000_54300000-30,60000,e20170714_183253_013101.its
annotated-56040000_56100000-31,60000,e20170714_183253_013101.its
annotated-2040000_2100000-1,60000,e20170714_183531_013102.its
annotated-3840000_3900000-2,60000,e20170714_183531_013102.its
annotated-5640000_5700000-3,60000,e20170714_183531_013102.its
annotated-7440000_7500000-4,60000,e20170714_183531_013102.its
annotated-9240000_9300000-5,60000,e20170714_183531_013102.its
annotated-11040000_11100000-6,60000,e20170714_183531_013102.its
annotated-12840000_12900000-7,60000,e20170714_183531_013102.its
annotated-14640000_14700000-8,60000,e20170714_183531_013102.its
annotated-16440000_16500000-9,60000,e20170714_183531_013102.its
annotated-18240000_18300000-10,60000,e20170714_183531_013102.its
annotated-20040000_20100000-11,60000,e20170714_183531_013102.its
annotated-21840000_21900000-12,60000,e20170714_183531_013102.its
annotated-23640000_23700000-13,60000,e20170714_183531_013102.its
annotated-25440000_25500000-14,60000,e20170714_183531_013102.its
annotated-27240000_27300000-15,60000,e20170714_183531_013102.its
annotated-29040000_29100000-16,60000,e20170714_183531_013102.its
annotated-30840000_30900000-17,60000,e20170714_183531_013102.its
annotated-32640000_32700000-18,60000,e20170714_183531_013102.its
annotated-34440000_34500000-19,60000,e20170714_183531_013102.its
annotated-36240000_36300000-20,60000,e20170714_183531_013102.its
annotated-38040000_38100000-21,60000,e20170714_183531_013102.its
annotated-39840000_39900000-22,60000,e20170714_183531_013102.its
annotated-41640000_41700000-23,60000,e20170714_183531_013102.its
annotated-43440000_43500000-24,60000,e20170714_183531_013102.its
annotated-45240000_45300000-25,60000,e20170714_183531_013102.its
annotated-47040000_47100000-26,60000,e20170714_183531_013102.its
annotated-48840000_48900000-27,60000,e20170714_183531_013102.its
annotated-50640000_50700000-28,60000,e20170714_183531_013102.its
annotated-52440000_52500000-29,60000,e20170714_183531_013102.its
annotated-54240000_54300000-30,60000,e20170714_183531_013102.its
annotated-56040000_56100000-31,60000,e20170714_183531_013102.its
annotated-2040000_2100000-1,60000,e20170722_092028_013102.its
annotated-3840000_3900000-2,60000,e20170722_092028_013102.its
annotated-5640000_5700000-3,60000,e20170722_092028_013102.its
annotated-7440000_7500000-4,60000,e20170722_092028_013102.its
annotated-9240000_9300000-5,60000,e20170722_092028_013102.its
annotated-11040000_11100000-6,60000,e20170722_092028_013102.its
annotated-12840000_12900000-7,60000,e20170722_092028_013102.its
annotated-14640000_14700000-8,60000,e20170722_092028_013102.its
annotated-16440000_16500000-9,60000,e20170722_092028_013102.its
annotated-18240000_18300000-10,60000,e20170722_092028_013102.its
annotated-20040000_20100000-11,60000,e20170722_092028_013102.its
annotated-21840000_21900000-12,60000,e20170722_092028_013102.its
annotated-23640000_23700000-13,60000,e20170722_092028_013102.its
annotated-25440000_25500000-14,60000,e20170722_092028_013102.its
annotated-27240000_27300000-15,60000,e20170722_092028_013102.its
annotated-29040000_29100000-16,60000,e20170722_092028_013102.its
annotated-30840000_30900000-17,60000,e20170722_092028_013102.its
annotated-32640000_32700000-18,60000,e20170722_092028_013102.its
annotated-34440000_34500000-19,60000,e20170722_092028_013102.its
annotated-36240000_36300000-20,60000,e20170722_092028_013102.its
annotated-38040000_38100000-21,60000,e20170722_092028_013102.its
annotated-39840000_39900000-22,60000,e20170722_092028_013102.its
annotated-41640000_41700000-23,60000,e20170722_092028_013102.its
annotated-43440000_43500000-24,60000,e20170722_092028_013102.its
annotated-45240000_45300000-25,60000,e20170722_092028_013102.its
annotated-47040000_47100000-26,60000,e20170722_092028_013102.its
annotated-48840000_48900000-27,60000,e20170722_092028_013102.its
annotated-50640000_50700000-28,60000,e20170722_092028_013102.its
annotated-52440000_52500000-29,60000,e20170722_092028_013102.its
annotated-54240000_54300000-30,60000,e20170722_092028_013102.its
annotated-56040000_56100000-31,60000,e20170722_092028_013102.its
annotated-2040000_2100000-1,60000,e20170722_092350_009458.its
annotated-3840000_3900000-2,60000,e20170722_092350_009458.its
annotated-5640000_5700000-3,60000,e20170722_092350_009458.its
annotated-7440000_7500000-4,60000,e20170722_092350_009458.its
annotated-9240000_9300000-5,60000,e20170722_092350_009458.its
annotated-11040000_11100000-6,60000,e20170722_092350_009458.its
annotated-12840000_12900000-7,60000,e20170722_092350_009458.its
annotated-14640000_14700000-8,60000,e20170722_092350_009458.its
annotated-16440000_16500000-9,60000,e20170722_092350_009458.its
annotated-18240000_18300000-10,60000,e20170722_092350_009458.its
annotated-20040000_20100000-11,60000,e20170722_092350_009458.its
annotated-21840000_21900000-12,60000,e20170722_092350_009458.its
annotated-23640000_23700000-13,60000,e20170722_092350_009458.its
annotated-25440000_25500000-14,60000,e20170722_092350_009458.its
annotated-27240000_27300000-15,60000,e20170722_092350_009458.its
annotated-29040000_29100000-16,60000,e20170722_092350_009458.its
annotated-30840000_30900000-17,60000,e20170722_092350_009458.its
annotated-32640000_32700000-18,60000,e20170722_092350_009458.its
annotated-34440000_34500000-19,60000,e20170722_092350_009458.its
annotated-36240000_36300000-20,60000,e20170722_092350_009458.its
annotated-38040000_38100000-21,60000,e20170722_092350_009458.its
annotated-39840000_39900000-22,60000,e20170722_092350_009458.its
annotated-41640000_41700000-23,60000,e20170722_092350_009458.its
annotated-43440000_43500000-24,60000,e20170722_092350_009458.its
annotated-45240000_45300000-25,60000,e20170722_092350_009458.its
annotated-47040000_47100000-26,60000,e20170722_092350_009458.its
annotated-48840000_48900000-27,60000,e20170722_092350_009458.its
annotated-50640000_50700000-28,60000,e20170722_092350_009458.its
annotated-52440000_52500000-29,60000,e20170722_092350_009458.its
annotated-54240000_54300000-30,60000,e20170722_092350_009458.its
annotated-56040000_56100000-31,60000,e20170722_092350_009458.its
annotated-2040000_2100000-1,60000,e20170722_092639_013097.its
annotated-3840000_3900000-2,60000,e20170722_092639_013097.its
annotated-5640000_5700000-3,60000,e20170722_092639_013097.its
annotated-7440000_7500000-4,60000,e20170722_092639_013097.its
annotated-9240000_9300000-5,60000,e20170722_092639_013097.its
annotated-11040000_11100000-6,60000,e20170722_092639_013097.its
annotated-12840000_12900000-7,60000,e20170722_092639_013097.its
annotated-14640000_14700000-8,60000,e20170722_092639_013097.its
annotated-16440000_16500000-9,60000,e20170722_092639_013097.its
annotated-18240000_18300000-10,60000,e20170722_092639_013097.its
annotated-20040000_20100000-11,60000,e20170722_092639_013097.its
annotated-21840000_21900000-12,60000,e20170722_092639_013097.its
annotated-23640000_23700000-13,60000,e20170722_092639_013097.its
annotated-25440000_25500000-14,60000,e20170722_092639_013097.its
annotated-27240000_27300000-15,60000,e20170722_092639_013097.its
annotated-29040000_29100000-16,60000,e20170722_092639_013097.its
annotated-30840000_30900000-17,60000,e20170722_092639_013097.its
annotated-32640000_32700000-18,60000,e20170722_092639_013097.its
annotated-34440000_34500000-19,60000,e20170722_092639_013097.its
annotated-36240000_36300000-20,60000,e20170722_092639_013097.its
annotated-38040000_38100000-21,60000,e20170722_092639_013097.its
annotated-39840000_39900000-22,60000,e20170722_092639_013097.its
annotated-41640000_41700000-23,60000,e20170722_092639_013097.its
annotated-43440000_43500000-24,60000,e20170722_092639_013097.its
annotated-45240000_45300000-25,60000,e20170722_092639_013097.its
annotated-47040000_47100000-26,60000,e20170722_092639_013097.its
annotated-48840000_48900000-27,60000,e20170722_092639_013097.its
annotated-50640000_50700000-28,60000,e20170722_092639_013097.its
annotated-52440000_52500000-29,60000,e20170722_092639_013097.its
annotated-54240000_54300000-30,60000,e20170722_092639_013097.its
annotated-56040000_56100000-31,60000,e20170722_092639_013097.its
annotated-2040000_2100000-1,60000,e20170722_092844_013104.its
annotated-3840000_3900000-2,60000,e20170722_092844_013104.its
annotated-5640000_5700000-3,60000,e20170722_092844_013104.its
annotated-7440000_7500000-4,60000,e20170722_092844_013104.its
annotated-9240000_9300000-5,60000,e20170722_092844_013104.its
annotated-11040000_11100000-6,60000,e20170722_092844_013104.its
annotated-12840000_12900000-7,60000,e20170722_092844_013104.its
annotated-14640000_14700000-8,60000,e20170722_092844_013104.its
annotated-16440000_16500000-9,60000,e20170722_092844_013104.its
annotated-18240000_18300000-10,60000,e20170722_092844_013104.its
annotated-20040000_20100000-11,60000,e20170722_092844_013104.its
annotated-21840000_21900000-12,60000,e20170722_092844_013104.its
annotated-23640000_23700000-13,60000,e20170722_092844_013104.its
annotated-25440000_25500000-14,60000,e20170722_092844_013104.its
annotated-27240000_27300000-15,60000,e20170722_092844_013104.its
annotated-29040000_29100000-16,60000,e20170722_092844_013104.its
annotated-30840000_30900000-17,60000,e20170722_092844_013104.its
annotated-32640000_32700000-18,60000,e20170722_092844_013104.its
annotated-34440000_34500000-19,60000,e20170722_092844_013104.its
annotated-36240000_36300000-20,60000,e20170722_092844_013104.its
annotated-38040000_38100000-21,60000,e20170722_092844_013104.its
annotated-39840000_39900000-22,60000,e20170722_092844_013104.its
annotated-41640000_41700000-23,60000,e20170722_092844_013104.its
annotated-43440000_43500000-24,60000,e20170722_092844_013104.its
annotated-45240000_45300000-25,60000,e20170722_092844_013104.its
annotated-47040000_47100000-26,60000,e20170722_092844_013104.its
annotated-48840000_48900000-27,60000,e20170722_092844_013104.its
annotated-50640000_50700000-28,60000,e20170722_092844_013104.its
annotated-52440000_52500000-29,60000,e20170722_092844_013104.its
annotated-54240000_54300000-30,60000,e20170722_092844_013104.its
annotated-56040000_56100000-31,60000,e20170722_092844_013104.its
annotated-2040000_2100000-1,60000,e20170722_093015_009456.its
annotated-3840000_3900000-2,60000,e20170722_093015_009456.its
annotated-5640000_5700000-3,60000,e20170722_093015_009456.its
annotated-7440000_7500000-4,60000,e20170722_093015_009456.its
annotated-9240000_9300000-5,60000,e20170722_093015_009456.its
annotated-11040000_11100000-6,60000,e20170722_093015_009456.its
annotated-12840000_12900000-7,60000,e20170722_093015_009456.its
annotated-14640000_14700000-8,60000,e20170722_093015_009456.its
annotated-16440000_16500000-9,60000,e20170722_093015_009456.its
annotated-18240000_18300000-10,60000,e20170722_093015_009456.its
annotated-20040000_20100000-11,60000,e20170722_093015_009456.its
annotated-21840000_21900000-12,60000,e20170722_093015_009456.its
annotated-23640000_23700000-13,60000,e20170722_093015_009456.its
annotated-25440000_25500000-14,60000,e20170722_093015_009456.its
annotated-27240000_27300000-15,60000,e20170722_093015_009456.its
annotated-29040000_29100000-16,60000,e20170722_093015_009456.its
annotated-30840000_30900000-17,60000,e20170722_093015_009456.its
annotated-32640000_32700000-18,60000,e20170722_093015_009456.its
annotated-34440000_34500000-19,60000,e20170722_093015_009456.its
annotated-36240000_36300000-20,60000,e20170722_093015_009456.its
annotated-38040000_38100000-21,60000,e20170722_093015_009456.its
annotated-39840000_39900000-22,60000,e20170722_093015_009456.its
annotated-41640000_41700000-23,60000,e20170722_093015_009456.its
annotated-43440000_43500000-24,60000,e20170722_093015_009456.its
annotated-45240000_45300000-25,60000,e20170722_093015_009456.its
annotated-47040000_47100000-26,60000,e20170722_093015_009456.its
annotated-48840000_48900000-27,60000,e20170722_093015_009456.its
annotated-50640000_50700000-28,60000,e20170722_093015_009456.its
annotated-52440000_52500000-29,60000,e20170722_093015_009456.its
annotated-54240000_54300000-30,60000,e20170722_093015_009456.its
annotated-56040000_56100000-31,60000,e20170722_093015_009456.its
annotated-2040000_2100000-1,60000,e20170722_093231_013098.its
annotated-3840000_3900000-2,60000,e20170722_093231_013098.its
annotated-5640000_5700000-3,60000,e20170722_093231_013098.its
annotated-7440000_7500000-4,60000,e20170722_093231_013098.its
annotated-9240000_9300000-5,60000,e20170722_093231_013098.its
annotated-11040000_11100000-6,60000,e20170722_093231_013098.its
annotated-12840000_12900000-7,60000,e20170722_093231_013098.its
annotated-14640000_14700000-8,60000,e20170722_093231_013098.its
annotated-16440000_16500000-9,60000,e20170722_093231_013098.its
annotated-18240000_18300000-10,60000,e20170722_093231_013098.its
annotated-20040000_20100000-11,60000,e20170722_093231_013098.its
annotated-21840000_21900000-12,60000,e20170722_093231_013098.its
annotated-23640000_23700000-13,60000,e20170722_093231_013098.its
annotated-25440000_25500000-14,60000,e20170722_093231_013098.its
annotated-27240000_27300000-15,60000,e20170722_093231_013098.its
annotated-29040000_29100000-16,60000,e20170722_093231_013098.its
annotated-30840000_30900000-17,60000,e20170722_093231_013098.its
annotated-32640000_32700000-18,60000,e20170722_093231_013098.its
annotated-34440000_34500000-19,60000,e20170722_093231_013098.its
annotated-36240000_36300000-20,60000,e20170722_093231_013098.its
annotated-38040000_38100000-21,60000,e20170722_093231_013098.its
annotated-39840000_39900000-22,60000,e20170722_093231_013098.its
annotated-41640000_41700000-23,60000,e20170722_093231_013098.its
annotated-43440000_43500000-24,60000,e20170722_093231_013098.its
annotated-45240000_45300000-25,60000,e20170722_093231_013098.its
annotated-47040000_47100000-26,60000,e20170722_093231_013098.its
annotated-48840000_48900000-27,60000,e20170722_093231_013098.its
annotated-50640000_50700000-28,60000,e20170722_093231_013098.its
annotated-52440000_52500000-29,60000,e20170722_093231_013098.its
annotated-54240000_54300000-30,60000,e20170722_093231_013098.its
annotated-56040000_56100000-31,60000,e20170722_093231_013098.its
annotated-2040000_2100000-1,60000,C01_C02_M01_20170706_m1.txt
annotated-3840000_3900000-2,60000,C01_C02_M01_20170706_m1.txt
annotated-5640000_5700000-3,60000,C01_C02_M01_20170706_m1.txt
annotated-7440000_7500000-4,60000,C01_C02_M01_20170706_m1.txt
annotated-9240000_9300000-5,60000,C01_C02_M01_20170706_m1.txt
annotated-11040000_11100000-6,60000,C01_C02_M01_20170706_m1.txt
annotated-12840000_12900000-7,60000,C01_C02_M01_20170706_m1.txt
annotated-14640000_14700000-8,60000,C01_C02_M01_20170706_m1.txt
annotated-16440000_16500000-9,60000,C01_C02_M01_20170706_m1.txt
annotated-18240000_18300000-10,60000,C01_C02_M01_20170706_m1.txt
annotated-20040000_20100000-11,60000,C01_C02_M01_20170706_m1.txt
annotated-21840000_21900000-12,60000,C01_C02_M01_20170706_m1.txt
annotated-23640000_23700000-13,60000,C01_C02_M01_20170706_m1.txt
annotated-25440000_25500000-14,60000,C01_C02_M01_20170706_m1.txt
annotated-27240000_27300000-15,60000,C01_C02_M01_20170706_m1.txt
annotated-29040000_29100000-16,60000,C01_C02_M01_20170706_m1.txt
annotated-30840000_30900000-17,60000,C01_C02_M01_20170706_m1.txt
annotated-32640000_32700000-18,60000,C01_C02_M01_20170706_m1.txt
annotated-34440000_34500000-19,60000,C01_C02_M01_20170706_m1.txt
annotated-36240000_36300000-20,60000,C01_C02_M01_20170706_m1.txt
annotated-38040000_38100000-21,60000,C01_C02_M01_20170706_m1.txt
annotated-39840000_39900000-22,60000,C01_C02_M01_20170706_m1.txt
annotated-41640000_41700000-23,60000,C01_C02_M01_20170706_m1.txt
annotated-43440000_43500000-24,60000,C01_C02_M01_20170706_m1.txt
annotated-45240000_45300000-25,60000,C01_C02_M01_20170706_m1.txt
annotated-47040000_47100000-26,60000,C01_C02_M01_20170706_m1.txt
annotated-48840000_48900000-27,60000,C01_C02_M01_20170706_m1.txt
annotated-50640000_50700000-28,60000,C01_C02_M01_20170706_m1.txt
annotated-52440000_52500000-29,60000,C01_C02_M01_20170706_m1.txt
annotated-54240000_54300000-30,60000,C01_C02_M01_20170706_m1.txt
annotated-56040000_56100000-31,60000,C01_C02_M01_20170706_m1.txt
annotated-2040000_2100000-1,60000,C01_C02_M01_20170718_m1.txt
annotated-3840000_3900000-2,60000,C01_C02_M01_20170718_m1.txt
annotated-5640000_5700000-3,60000,C01_C02_M01_20170718_m1.txt
annotated-7440000_7500000-4,60000,C01_C02_M01_20170718_m1.txt
annotated-9240000_9300000-5,60000,C01_C02_M01_20170718_m1.txt
annotated-11040000_11100000-6,60000,C01_C02_M01_20170718_m1.txt
annotated-12840000_12900000-7,60000,C01_C02_M01_20170718_m1.txt
annotated-14640000_14700000-8,60000,C01_C02_M01_20170718_m1.txt
annotated-16440000_16500000-9,60000,C01_C02_M01_20170718_m1.txt
annotated-18240000_18300000-10,60000,C01_C02_M01_20170718_m1.txt
annotated-20040000_20100000-11,60000,C01_C02_M01_20170718_m1.txt
annotated-21840000_21900000-12,60000,C01_C02_M01_20170718_m1.txt
annotated-23640000_23700000-13,60000,C01_C02_M01_20170718_m1.txt
annotated-25440000_25500000-14,60000,C01_C02_M01_20170718_m1.txt
annotated-27240000_27300000-15,60000,C01_C02_M01_20170718_m1.txt
annotated-29040000_29100000-16,60000,C01_C02_M01_20170718_m1.txt
annotated-30840000_30900000-17,60000,C01_C02_M01_20170718_m1.txt
annotated-32640000_32700000-18,60000,C01_C02_M01_20170718_m1.txt
annotated-34440000_34500000-19,60000,C01_C02_M01_20170718_m1.txt
annotated-36240000_36300000-20,60000,C01_C02_M01_20170718_m1.txt
annotated-38040000_38100000-21,60000,C01_C02_M01_20170718_m1.txt
annotated-39840000_39900000-22,60000,C01_C02_M01_20170718_m1.txt
annotated-41640000_41700000-23,60000,C01_C02_M01_20170718_m1.txt
annotated-2040000_2100000-1,60000,C04_C05_M03_20170707_m1.txt
annotated-3840000_3900000-2,60000,C04_C05_M03_20170707_m1.txt
annotated-5640000_5700000-3,60000,C04_C05_M03_20170707_m1.txt
annotated-7440000_7500000-4,60000,C04_C05_M03_20170707_m1.txt
annotated-9240000_9300000-5,60000,C04_C05_M03_20170707_m1.txt
annotated-11040000_11100000-6,60000,C04_C05_M03_20170707_m1.txt
annotated-12840000_12900000-7,60000,C04_C05_M03_20170707_m1.txt
annotated-14640000_14700000-8,60000,C04_C05_M03_20170707_m1.txt
annotated-16440000_16500000-9,60000,C04_C05_M03_20170707_m1.txt
annotated-18240000_18300000-10,60000,C04_C05_M03_20170707_m1.txt
annotated-20040000_20100000-11,60000,C04_C05_M03_20170707_m1.txt
annotated-21840000_21900000-12,60000,C04_C05_M03_20170707_m1.txt
annotated-23640000_23700000-13,60000,C04_C05_M03_20170707_m1.txt
annotated-25440000_25500000-14,60000,C04_C05_M03_20170707_m1.txt
annotated-27240000_27300000-15,60000,C04_C05_M03_20170707_m1.txt
annotated-29040000_29100000-16,60000,C04_C05_M03_20170707_m1.txt
annotated-30840000_30900000-17,60000,C04_C05_M03_20170707_m1.txt
annotated-32640000_32700000-18,60000,C04_C05_M03_20170707_m1.txt
annotated-34440000_34500000-19,60000,C04_C05_M03_20170707_m1.txt
annotated-36240000_36300000-20,60000,C04_C05_M03_20170707_m1.txt
annotated-38040000_38100000-21,60000,C04_C05_M03_20170707_m1.txt
annotated-39840000_39900000-22,60000,C04_C05_M03_20170707_m1.txt
annotated-41640000_41700000-23,60000,C04_C05_M03_20170707_m1.txt
annotated-43440000_43500000-24,60000,C04_C05_M03_20170707_m1.txt
annotated-45240000_45300000-25,60000,C04_C05_M03_20170707_m1.txt
annotated-2040000_2100000-1,60000,C09_C08_M05_20170708_m1.txt
annotated-3840000_3900000-2,60000,C09_C08_M05_20170708_m1.txt
annotated-5640000_5700000-3,60000,C09_C08_M05_20170708_m1.txt
annotated-7440000_7500000-4,60000,C09_C08_M05_20170708_m1.txt
annotated-9240000_9300000-5,60000,C09_C08_M05_20170708_m1.txt
annotated-11040000_11100000-6,60000,C09_C08_M05_20170708_m1.txt
annotated-12840000_12900000-7,60000,C09_C08_M05_20170708_m1.txt
annotated-14640000_14700000-8,60000,C09_C08_M05_20170708_m1.txt
annotated-16440000_16500000-9,60000,C09_C08_M05_20170708_m1.txt
annotated-18240000_18300000-10,60000,C09_C08_M05_20170708_m1.txt
annotated-20040000_20100000-11,60000,C09_C08_M05_20170708_m1.txt
annotated-21840000_21900000-12,60000,C09_C08_M05_20170708_m1.txt
annotated-23640000_23700000-13,60000,C09_C08_M05_20170708_m1.txt
annotated-25440000_25500000-14,60000,C09_C08_M05_20170708_m1.txt
annotated-27240000_27300000-15,60000,C09_C08_M05_20170708_m1.txt
annotated-29040000_29100000-16,60000,C09_C08_M05_20170708_m1.txt
annotated-30840000_30900000-17,60000,C09_C08_M05_20170708_m1.txt
annotated-32640000_32700000-18,60000,C09_C08_M05_20170708_m1.txt
annotated-34440000_34500000-19,60000,C09_C08_M05_20170708_m1.txt
annotated-36240000_36300000-20,60000,C09_C08_M05_20170708_m1.txt
annotated-38040000_38100000-21,60000,C09_C08_M05_20170708_m1.txt
annotated-39840000_39900000-22,60000,C09_C08_M05_20170708_m1.txt
annotated-41640000_41700000-23,60000,C09_C08_M05_20170708_m1.txt
annotated-2040000_2100000-1,60000,C10_C11_M06_20170709_m1.txt
annotated-3840000_3900000-2,60000,C10_C11_M06_20170709_m1.txt
annotated-5640000_5700000-3,60000,C10_C11_M06_20170709_m1.txt
annotated-7440000_7500000-4,60000,C10_C11_M06_20170709_m1.txt
annotated-9240000_9300000-5,60000,C10_C11_M06_20170709_m1.txt
annotated-11040000_11100000-6,60000,C10_C11_M06_20170709_m1.txt
annotated-12840000_12900000-7,60000,C10_C11_M06_20170709_m1.txt
annotated-14640000_14700000-8,60000,C10_C11_M06_20170709_m1.txt
annotated-16440000_16500000-9,60000,C10_C11_M06_20170709_m1.txt
annotated-18240000_18300000-10,60000,C10_C11_M06_20170709_m1.txt
annotated-20040000_20100000-11,60000,C10_C11_M06_20170709_m1.txt
annotated-21840000_21900000-12,60000,C10_C11_M06_20170709_m1.txt
annotated-23640000_23700000-13,60000,C10_C11_M06_20170709_m1.txt
annotated-25440000_25500000-14,60000,C10_C11_M06_20170709_m1.txt
annotated-27240000_27300000-15,60000,C10_C11_M06_20170709_m1.txt
annotated-29040000_29100000-16,60000,C10_C11_M06_20170709_m1.txt
annotated-30840000_30900000-17,60000,C10_C11_M06_20170709_m1.txt
annotated-32640000_32700000-18,60000,C10_C11_M06_20170709_m1.txt
annotated-34440000_34500000-19,60000,C10_C11_M06_20170709_m1.txt
annotated-36240000_36300000-20,60000,C10_C11_M06_20170709_m1.txt
annotated-38040000_38100000-21,60000,C10_C11_M06_20170709_m1.txt
annotated-39840000_39900000-22,60000,C10_C11_M06_20170709_m1.txt
annotated-41640000_41700000-23,60000,C10_C11_M06_20170709_m1.txt
annotated-43440000_43500000-24,60000,C10_C11_M06_20170709_m1.txt
annotated-45240000_45300000-25,60000,C10_C11_M06_20170709_m1.txt
annotated-47040000_47100000-26,60000,C10_C11_M06_20170709_m1.txt
annotated-48840000_48900000-27,60000,C10_C11_M06_20170709_m1.txt
annotated-50640000_50700000-28,60000,C10_C11_M06_20170709_m1.txt
annotated-52440000_52500000-29,60000,C10_C11_M06_20170709_m1.txt
annotated-2040000_2100000-1,60000,C11_C10_M06_20170709_m1.txt
annotated-3840000_3900000-2,60000,C11_C10_M06_20170709_m1.txt
annotated-5640000_5700000-3,60000,C11_C10_M06_20170709_m1.txt
annotated-7440000_7500000-4,60000,C11_C10_M06_20170709_m1.txt
annotated-9240000_9300000-5,60000,C11_C10_M06_20170709_m1.txt
annotated-11040000_11100000-6,60000,C11_C10_M06_20170709_m1.txt
annotated-12840000_12900000-7,60000,C11_C10_M06_20170709_m1.txt
annotated-14640000_14700000-8,60000,C11_C10_M06_20170709_m1.txt
annotated-16440000_16500000-9,60000,C11_C10_M06_20170709_m1.txt
annotated-18240000_18300000-10,60000,C11_C10_M06_20170709_m1.txt
annotated-20040000_20100000-11,60000,C11_C10_M06_20170709_m1.txt
annotated-21840000_21900000-12,60000,C11_C10_M06_20170709_m1.txt
annotated-23640000_23700000-13,60000,C11_C10_M06_20170709_m1.txt
annotated-25440000_25500000-14,60000,C11_C10_M06_20170709_m1.txt
annotated-27240000_27300000-15,60000,C11_C10_M06_20170709_m1.txt
annotated-29040000_29100000-16,60000,C11_C10_M06_20170709_m1.txt
annotated-30840000_30900000-17,60000,C11_C10_M06_20170709_m1.txt
annotated-32640000_32700000-18,60000,C11_C10_M06_20170709_m1.txt
annotated-34440000_34500000-19,60000,C11_C10_M06_20170709_m1.txt
annotated-36240000_36300000-20,60000,C11_C10_M06_20170709_m1.txt
annotated-38040000_38100000-21,60000,C11_C10_M06_20170709_m1.txt
annotated-39840000_39900000-22,60000,C11_C10_M06_20170709_m1.txt
annotated-41640000_41700000-23,60000,C11_C10_M06_20170709_m1.txt
annotated-43440000_43500000-24,60000,C11_C10_M06_20170709_m1.txt
annotated-45240000_45300000-25,60000,C11_C10_M06_20170709_m1.txt
annotated-47040000_47100000-26,60000,C11_C10_M06_20170709_m1.txt
annotated-48840000_48900000-27,60000,C11_C10_M06_20170709_m1.txt
annotated-2040000_2100000-1,60000,C11_C10_M06_20170718_m1.txt
annotated-3840000_3900000-2,60000,C11_C10_M06_20170718_m1.txt
annotated-5640000_5700000-3,60000,C11_C10_M06_20170718_m1.txt
annotated-7440000_7500000-4,60000,C11_C10_M06_20170718_m1.txt
annotated-9240000_9300000-5,60000,C11_C10_M06_20170718_m1.txt
annotated-11040000_11100000-6,60000,C11_C10_M06_20170718_m1.txt
annotated-12840000_12900000-7,60000,C11_C10_M06_20170718_m1.txt
annotated-14640000_14700000-8,60000,C11_C10_M06_20170718_m1.txt
annotated-16440000_16500000-9,60000,C11_C10_M06_20170718_m1.txt
annotated-18240000_18300000-10,60000,C11_C10_M06_20170718_m1.txt
annotated-20040000_20100000-11,60000,C11_C10_M06_20170718_m1.txt
annotated-21840000_21900000-12,60000,C11_C10_M06_20170718_m1.txt
annotated-23640000_23700000-13,60000,C11_C10_M06_20170718_m1.txt
annotated-25440000_25500000-14,60000,C11_C10_M06_20170718_m1.txt
annotated-27240000_27300000-15,60000,C11_C10_M06_20170718_m1.txt
annotated-29040000_29100000-16,60000,C11_C10_M06_20170718_m1.txt
annotated-30840000_30900000-17,60000,C11_C10_M06_20170718_m1.txt
annotated-32640000_32700000-18,60000,C11_C10_M06_20170718_m1.txt
annotated-34440000_34500000-19,60000,C11_C10_M06_20170718_m1.txt
annotated-36240000_36300000-20,60000,C11_C10_M06_20170718_m1.txt
annotated-38040000_38100000-21,60000,C11_C10_M06_20170718_m1.txt
annotated-39840000_39900000-22,60000,C11_C10_M06_20170718_m1.txt
annotated-41640000_41700000-23,60000,C11_C10_M06_20170718_m1.txt
annotated-43440000_43500000-24,60000,C11_C10_M06_20170718_m1.txt
annotated-45240000_45300000-25,60000,C11_C10_M06_20170718_m1.txt
annotated-47040000_47100000-26,60000,C11_C10_M06_20170718_m1.txt
annotated-48840000_48900000-27,60000,C11_C10_M06_20170718_m1.txt
annotated-50640000_50700000-28,60000,C11_C10_M06_20170718_m1.txt
annotated-52440000_52500000-29,60000,C11_C10_M06_20170718_m1.txt
annotated-54240000_54300000-30,60000,C11_C10_M06_20170718_m1.txt
annotated-56040000_56100000-31,60000,C11_C10_M06_20170718_m1.txt
annotated-2040000_2100000-1,60000,C12_C13_M07_20170709_m1.txt
annotated-3840000_3900000-2,60000,C12_C13_M07_20170709_m1.txt
annotated-5640000_5700000-3,60000,C12_C13_M07_20170709_m1.txt
annotated-7440000_7500000-4,60000,C12_C13_M07_20170709_m1.txt
annotated-9240000_9300000-5,60000,C12_C13_M07_20170709_m1.txt
annotated-11040000_11100000-6,60000,C12_C13_M07_20170709_m1.txt
annotated-12840000_12900000-7,60000,C12_C13_M07_20170709_m1.txt
annotated-14640000_14700000-8,60000,C12_C13_M07_20170709_m1.txt
annotated-16440000_16500000-9,60000,C12_C13_M07_20170709_m1.txt
annotated-18240000_18300000-10,60000,C12_C13_M07_20170709_m1.txt
annotated-20040000_20100000-11,60000,C12_C13_M07_20170709_m1.txt
annotated-21840000_21900000-12,60000,C12_C13_M07_20170709_m1.txt
annotated-23640000_23700000-13,60000,C12_C13_M07_20170709_m1.txt
annotated-25440000_25500000-14,60000,C12_C13_M07_20170709_m1.txt
annotated-27240000_27300000-15,60000,C12_C13_M07_20170709_m1.txt
annotated-29040000_29100000-16,60000,C12_C13_M07_20170709_m1.txt
annotated-30840000_30900000-17,60000,C12_C13_M07_20170709_m1.txt
annotated-32640000_32700000-18,60000,C12_C13_M07_20170709_m1.txt
annotated-34440000_34500000-19,60000,C12_C13_M07_20170709_m1.txt
annotated-36240000_36300000-20,60000,C12_C13_M07_20170709_m1.txt
annotated-38040000_38100000-21,60000,C12_C13_M07_20170709_m1.txt
annotated-39840000_39900000-22,60000,C12_C13_M07_20170709_m1.txt
annotated-41640000_41700000-23,60000,C12_C13_M07_20170709_m1.txt
annotated-2040000_2100000-1,60000,C15_NA_M09_20170710_m1.txt
annotated-3840000_3900000-2,60000,C15_NA_M09_20170710_m1.txt
annotated-5640000_5700000-3,60000,C15_NA_M09_20170710_m1.txt
annotated-7440000_7500000-4,60000,C15_NA_M09_20170710_m1.txt
annotated-9240000_9300000-5,60000,C15_NA_M09_20170710_m1.txt
annotated-2040000_2100000-1,60000,C16_NA_M10_20170710_m1.txt
annotated-3840000_3900000-2,60000,C16_NA_M10_20170710_m1.txt
annotated-5640000_5700000-3,60000,C16_NA_M10_20170710_m1.txt
annotated-7440000_7500000-4,60000,C16_NA_M10_20170710_m1.txt
annotated-9240000_9300000-5,60000,C16_NA_M10_20170710_m1.txt
annotated-11040000_11100000-6,60000,C16_NA_M10_20170710_m1.txt
annotated-12840000_12900000-7,60000,C16_NA_M10_20170710_m1.txt
annotated-14640000_14700000-8,60000,C16_NA_M10_20170710_m1.txt
annotated-16440000_16500000-9,60000,C16_NA_M10_20170710_m1.txt
annotated-18240000_18300000-10,60000,C16_NA_M10_20170710_m1.txt
annotated-20040000_20100000-11,60000,C16_NA_M10_20170710_m1.txt
annotated-21840000_21900000-12,60000,C16_NA_M10_20170710_m1.txt
annotated-23640000_23700000-13,60000,C16_NA_M10_20170710_m1.txt
annotated-25440000_25500000-14,60000,C16_NA_M10_20170710_m1.txt
annotated-27240000_27300000-15,60000,C16_NA_M10_20170710_m1.txt
annotated-29040000_29100000-16,60000,C16_NA_M10_20170710_m1.txt
annotated-30840000_30900000-17,60000,C16_NA_M10_20170710_m1.txt
annotated-2040000_2100000-1,60000,C18_C17_M11_20170711_m1.txt
annotated-3840000_3900000-2,60000,C18_C17_M11_20170711_m1.txt
annotated-5640000_5700000-3,60000,C18_C17_M11_20170711_m1.txt
annotated-7440000_7500000-4,60000,C18_C17_M11_20170711_m1.txt
annotated-9240000_9300000-5,60000,C18_C17_M11_20170711_m1.txt
annotated-11040000_11100000-6,60000,C18_C17_M11_20170711_m1.txt
annotated-12840000_12900000-7,60000,C18_C17_M11_20170711_m1.txt
annotated-14640000_14700000-8,60000,C18_C17_M11_20170711_m1.txt
annotated-16440000_16500000-9,60000,C18_C17_M11_20170711_m1.txt
annotated-18240000_18300000-10,60000,C18_C17_M11_20170711_m1.txt
annotated-20040000_20100000-11,60000,C18_C17_M11_20170711_m1.txt
annotated-21840000_21900000-12,60000,C18_C17_M11_20170711_m1.txt
annotated-23640000_23700000-13,60000,C18_C17_M11_20170711_m1.txt
annotated-25440000_25500000-14,60000,C18_C17_M11_20170711_m1.txt
annotated-27240000_27300000-15,60000,C18_C17_M11_20170711_m1.txt
annotated-29040000_29100000-16,60000,C18_C17_M11_20170711_m1.txt
annotated-30840000_30900000-17,60000,C18_C17_M11_20170711_m1.txt
annotated-32640000_32700000-18,60000,C18_C17_M11_20170711_m1.txt
annotated-34440000_34500000-19,60000,C18_C17_M11_20170711_m1.txt
annotated-36240000_36300000-20,60000,C18_C17_M11_20170711_m1.txt
annotated-38040000_38100000-21,60000,C18_C17_M11_20170711_m1.txt
annotated-39840000_39900000-22,60000,C18_C17_M11_20170711_m1.txt
annotated-41640000_41700000-23,60000,C18_C17_M11_20170711_m1.txt
annotated-43440000_43500000-24,60000,C18_C17_M11_20170711_m1.txt
annotated-45240000_45300000-25,60000,C18_C17_M11_20170711_m1.txt
annotated-47040000_47100000-26,60000,C18_C17_M11_20170711_m1.txt
annotated-48840000_48900000-27,60000,C18_C17_M11_20170711_m1.txt
annotated-50640000_50700000-28,60000,C18_C17_M11_20170711_m1.txt
annotated-52440000_52500000-29,60000,C18_C17_M11_20170711_m1.txt
annotated-54240000_54300000-30,60000,C18_C17_M11_20170711_m1.txt
annotated-56040000_56100000-31,60000,C18_C17_M11_20170711_m1.txt
annotated-2040000_2100000-1,60000,C18_C17_M11_20170718_m1.txt
annotated-3840000_3900000-2,60000,C18_C17_M11_20170718_m1.txt
annotated-5640000_5700000-3,60000,C18_C17_M11_20170718_m1.txt
annotated-7440000_7500000-4,60000,C18_C17_M11_20170718_m1.txt
annotated-9240000_9300000-5,60000,C18_C17_M11_20170718_m1.txt
annotated-11040000_11100000-6,60000,C18_C17_M11_20170718_m1.txt
annotated-12840000_12900000-7,60000,C18_C17_M11_20170718_m1.txt
annotated-14640000_14700000-8,60000,C18_C17_M11_20170718_m1.txt
annotated-16440000_16500000-9,60000,C18_C17_M11_20170718_m1.txt
annotated-18240000_18300000-10,60000,C18_C17_M11_20170718_m1.txt
annotated-20040000_20100000-11,60000,C18_C17_M11_20170718_m1.txt
annotated-21840000_21900000-12,60000,C18_C17_M11_20170718_m1.txt
annotated-23640000_23700000-13,60000,C18_C17_M11_20170718_m1.txt
annotated-25440000_25500000-14,60000,C18_C17_M11_20170718_m1.txt
annotated-27240000_27300000-15,60000,C18_C17_M11_20170718_m1.txt
annotated-29040000_29100000-16,60000,C18_C17_M11_20170718_m1.txt
annotated-30840000_30900000-17,60000,C18_C17_M11_20170718_m1.txt
annotated-32640000_32700000-18,60000,C18_C17_M11_20170718_m1.txt
annotated-34440000_34500000-19,60000,C18_C17_M11_20170718_m1.txt
annotated-36240000_36300000-20,60000,C18_C17_M11_20170718_m1.txt
annotated-38040000_38100000-21,60000,C18_C17_M11_20170718_m1.txt
annotated-39840000_39900000-22,60000,C18_C17_M11_20170718_m1.txt
annotated-41640000_41700000-23,60000,C18_C17_M11_20170718_m1.txt
annotated-43440000_43500000-24,60000,C18_C17_M11_20170718_m1.txt
annotated-45240000_45300000-25,60000,C18_C17_M11_20170718_m1.txt
annotated-47040000_47100000-26,60000,C18_C17_M11_20170718_m1.txt
annotated-48840000_48900000-27,60000,C18_C17_M11_20170718_m1.txt
annotated-50640000_50700000-28,60000,C18_C17_M11_20170718_m1.txt
annotated-52440000_52500000-29,60000,C18_C17_M11_20170718_m1.txt
annotated-54240000_54300000-30,60000,C18_C17_M11_20170718_m1.txt
annotated-56040000_56100000-31,60000,C18_C17_M11_20170718_m1.txt
annotated-2040000_2100000-1,60000,C20_C19_M12_20170711_m1.txt
annotated-3840000_3900000-2,60000,C20_C19_M12_20170711_m1.txt
annotated-5640000_5700000-3,60000,C20_C19_M12_20170711_m1.txt
annotated-7440000_7500000-4,60000,C20_C19_M12_20170711_m1.txt
annotated-9240000_9300000-5,60000,C20_C19_M12_20170711_m1.txt
annotated-11040000_11100000-6,60000,C20_C19_M12_20170711_m1.txt
annotated-12840000_12900000-7,60000,C20_C19_M12_20170711_m1.txt
annotated-14640000_14700000-8,60000,C20_C19_M12_20170711_m1.txt
annotated-16440000_16500000-9,60000,C20_C19_M12_20170711_m1.txt
annotated-18240000_18300000-10,60000,C20_C19_M12_20170711_m1.txt
annotated-20040000_20100000-11,60000,C20_C19_M12_20170711_m1.txt
annotated-21840000_21900000-12,60000,C20_C19_M12_20170711_m1.txt
annotated-23640000_23700000-13,60000,C20_C19_M12_20170711_m1.txt
annotated-25440000_25500000-14,60000,C20_C19_M12_20170711_m1.txt
annotated-27240000_27300000-15,60000,C20_C19_M12_20170711_m1.txt
annotated-29040000_29100000-16,60000,C20_C19_M12_20170711_m1.txt
annotated-30840000_30900000-17,60000,C20_C19_M12_20170711_m1.txt
annotated-32640000_32700000-18,60000,C20_C19_M12_20170711_m1.txt
annotated-34440000_34500000-19,60000,C20_C19_M12_20170711_m1.txt
annotated-36240000_36300000-20,60000,C20_C19_M12_20170711_m1.txt
annotated-38040000_38100000-21,60000,C20_C19_M12_20170711_m1.txt
annotated-2040000_2100000-1,60000,C22_C21_M13_20170717_m1.txt
annotated-3840000_3900000-2,60000,C22_C21_M13_20170717_m1.txt
annotated-5640000_5700000-3,60000,C22_C21_M13_20170717_m1.txt
annotated-7440000_7500000-4,60000,C22_C21_M13_20170717_m1.txt
annotated-9240000_9300000-5,60000,C22_C21_M13_20170717_m1.txt
annotated-11040000_11100000-6,60000,C22_C21_M13_20170717_m1.txt
annotated-12840000_12900000-7,60000,C22_C21_M13_20170717_m1.txt
annotated-14640000_14700000-8,60000,C22_C21_M13_20170717_m1.txt
annotated-16440000_16500000-9,60000,C22_C21_M13_20170717_m1.txt
annotated-18240000_18300000-10,60000,C22_C21_M13_20170717_m1.txt
annotated-20040000_20100000-11,60000,C22_C21_M13_20170717_m1.txt
annotated-21840000_21900000-12,60000,C22_C21_M13_20170717_m1.txt
annotated-23640000_23700000-13,60000,C22_C21_M13_20170717_m1.txt
annotated-25440000_25500000-14,60000,C22_C21_M13_20170717_m1.txt
annotated-27240000_27300000-15,60000,C22_C21_M13_20170717_m1.txt
annotated-29040000_29100000-16,60000,C22_C21_M13_20170717_m1.txt
annotated-30840000_30900000-17,60000,C22_C21_M13_20170717_m1.txt
annotated-32640000_32700000-18,60000,C22_C21_M13_20170717_m1.txt
annotated-34440000_34500000-19,60000,C22_C21_M13_20170717_m1.txt
annotated-36240000_36300000-20,60000,C22_C21_M13_20170717_m1.txt
annotated-38040000_38100000-21,60000,C22_C21_M13_20170717_m1.txt
annotated-39840000_39900000-22,60000,C22_C21_M13_20170717_m1.txt
annotated-41640000_41700000-23,60000,C22_C21_M13_20170717_m1.txt
annotated-43440000_43500000-24,60000,C22_C21_M13_20170717_m1.txt
annotated-45240000_45300000-25,60000,C22_C21_M13_20170717_m1.txt
annotated-47040000_47100000-26,60000,C22_C21_M13_20170717_m1.txt
annotated-48840000_48900000-27,60000,C22_C21_M13_20170717_m1.txt
annotated-50640000_50700000-28,60000,C22_C21_M13_20170717_m1.txt
annotated-52440000_52500000-29,60000,C22_C21_M13_20170717_m1.txt
annotated-54240000_54300000-30,60000,C22_C21_M13_20170717_m1.txt
annotated-56040000_56100000-31,60000,C22_C21_M13_20170717_m1.txt
annotated-2040000_2100000-1,60000,C24_C23_M14_20170712_m1.txt
annotated-3840000_3900000-2,60000,C24_C23_M14_20170712_m1.txt
annotated-5640000_5700000-3,60000,C24_C23_M14_20170712_m1.txt
annotated-7440000_7500000-4,60000,C24_C23_M14_20170712_m1.txt
annotated-9240000_9300000-5,60000,C24_C23_M14_20170712_m1.txt
annotated-11040000_11100000-6,60000,C24_C23_M14_20170712_m1.txt
annotated-12840000_12900000-7,60000,C24_C23_M14_20170712_m1.txt
annotated-14640000_14700000-8,60000,C24_C23_M14_20170712_m1.txt
annotated-16440000_16500000-9,60000,C24_C23_M14_20170712_m1.txt
annotated-18240000_18300000-10,60000,C24_C23_M14_20170712_m1.txt
annotated-20040000_20100000-11,60000,C24_C23_M14_20170712_m1.txt
annotated-21840000_21900000-12,60000,C24_C23_M14_20170712_m1.txt
annotated-23640000_23700000-13,60000,C24_C23_M14_20170712_m1.txt
annotated-25440000_25500000-14,60000,C24_C23_M14_20170712_m1.txt
annotated-27240000_27300000-15,60000,C24_C23_M14_20170712_m1.txt
annotated-29040000_29100000-16,60000,C24_C23_M14_20170712_m1.txt
annotated-30840000_30900000-17,60000,C24_C23_M14_20170712_m1.txt
annotated-32640000_32700000-18,60000,C24_C23_M14_20170712_m1.txt
annotated-34440000_34500000-19,60000,C24_C23_M14_20170712_m1.txt
annotated-36240000_36300000-20,60000,C24_C23_M14_20170712_m1.txt
annotated-38040000_38100000-21,60000,C24_C23_M14_20170712_m1.txt
annotated-39840000_39900000-22,60000,C24_C23_M14_20170712_m1.txt
annotated-41640000_41700000-23,60000,C24_C23_M14_20170712_m1.txt
annotated-2040000_2100000-1,60000,C24_C23_M14_20170719_m1.txt
annotated-3840000_3900000-2,60000,C24_C23_M14_20170719_m1.txt
annotated-5640000_5700000-3,60000,C24_C23_M14_20170719_m1.txt
annotated-7440000_7500000-4,60000,C24_C23_M14_20170719_m1.txt
annotated-9240000_9300000-5,60000,C24_C23_M14_20170719_m1.txt
annotated-11040000_11100000-6,60000,C24_C23_M14_20170719_m1.txt
annotated-12840000_12900000-7,60000,C24_C23_M14_20170719_m1.txt
annotated-14640000_14700000-8,60000,C24_C23_M14_20170719_m1.txt
annotated-16440000_16500000-9,60000,C24_C23_M14_20170719_m1.txt
annotated-18240000_18300000-10,60000,C24_C23_M14_20170719_m1.txt
annotated-20040000_20100000-11,60000,C24_C23_M14_20170719_m1.txt
annotated-21840000_21900000-12,60000,C24_C23_M14_20170719_m1.txt
annotated-23640000_23700000-13,60000,C24_C23_M14_20170719_m1.txt
annotated-25440000_25500000-14,60000,C24_C23_M14_20170719_m1.txt
annotated-27240000_27300000-15,60000,C24_C23_M14_20170719_m1.txt
annotated-29040000_29100000-16,60000,C24_C23_M14_20170719_m1.txt
annotated-30840000_30900000-17,60000,C24_C23_M14_20170719_m1.txt
annotated-32640000_32700000-18,60000,C24_C23_M14_20170719_m1.txt
annotated-34440000_34500000-19,60000,C24_C23_M14_20170719_m1.txt
annotated-2040000_2100000-1,60000,C25_NA_M14_20170719_m1.txt
annotated-3840000_3900000-2,60000,C25_NA_M14_20170719_m1.txt
annotated-5640000_5700000-3,60000,C25_NA_M14_20170719_m1.txt
annotated-7440000_7500000-4,60000,C25_NA_M14_20170719_m1.txt
annotated-9240000_9300000-5,60000,C25_NA_M14_20170719_m1.txt
annotated-11040000_11100000-6,60000,C25_NA_M14_20170719_m1.txt
annotated-12840000_12900000-7,60000,C25_NA_M14_20170719_m1.txt
annotated-14640000_14700000-8,60000,C25_NA_M14_20170719_m1.txt
annotated-16440000_16500000-9,60000,C25_NA_M14_20170719_m1.txt
annotated-18240000_18300000-10,60000,C25_NA_M14_20170719_m1.txt
annotated-20040000_20100000-11,60000,C25_NA_M14_20170719_m1.txt
annotated-21840000_21900000-12,60000,C25_NA_M14_20170719_m1.txt
annotated-23640000_23700000-13,60000,C25_NA_M14_20170719_m1.txt
annotated-25440000_25500000-14,60000,C25_NA_M14_20170719_m1.txt
annotated-27240000_27300000-15,60000,C25_NA_M14_20170719_m1.txt
annotated-29040000_29100000-16,60000,C25_NA_M14_20170719_m1.txt
annotated-30840000_30900000-17,60000,C25_NA_M14_20170719_m1.txt
annotated-32640000_32700000-18,60000,C25_NA_M14_20170719_m1.txt
annotated-34440000_34500000-19,60000,C25_NA_M14_20170719_m1.txt
annotated-36240000_36300000-20,60000,C25_NA_M14_20170719_m1.txt
annotated-38040000_38100000-21,60000,C25_NA_M14_20170719_m1.txt
annotated-39840000_39900000-22,60000,C25_NA_M14_20170719_m1.txt
annotated-41640000_41700000-23,60000,C25_NA_M14_20170719_m1.txt
annotated-43440000_43500000-24,60000,C25_NA_M14_20170719_m1.txt
annotated-45240000_45300000-25,60000,C25_NA_M14_20170719_m1.txt
annotated-47040000_47100000-26,60000,C25_NA_M14_20170719_m1.txt
annotated-48840000_48900000-27,60000,C25_NA_M14_20170719_m1.txt
annotated-50640000_50700000-28,60000,C25_NA_M14_20170719_m1.txt
annotated-52440000_52500000-29,60000,C25_NA_M14_20170719_m1.txt
annotated-54240000_54300000-30,60000,C25_NA_M14_20170719_m1.txt
annotated-56040000_56100000-31,60000,C25_NA_M14_20170719_m1.txt
annotated-1946000_2246000-random-1,300000,0643.txt
annotated-4926000_5226000-random-2,300000,0643.txt
annotated-6478000_6538000-va-1,60000,0643.txt
annotated-11124000_11184000-tt-1,60000,0643.txt
annotated-11184000_11484000-extension_tt-1,300000,0643.txt
annotated-14171000_14471000-random-3,300000,0643.txt
annotated-14845000_15145000-random-4,300000,0643.txt
annotated-16625000_16925000-random-5,300000,0643.txt
annotated-17763000_17823000-va-2,60000,0643.txt
annotated-17889000_17949000-tt-2,60000,0643.txt
annotated-20364000_20664000-random-6,300000,0643.txt
annotated-21185000_21485000-random-7,300000,0643.txt
annotated-23508000_23568000-tt-3,60000,0643.txt
annotated-26150000_26210000-va-3,60000,0643.txt
annotated-26502000_26802000-random-8,300000,0643.txt
annotated-26870000_26930000-tt-4,60000,0643.txt
annotated-28249000_28549000-random-9,300000,0643.txt
annotated-29940000_3e+07-tt-5,60000,0643.txt
annotated-30522000_30582000-va-4,60000,0643.txt
annotated-31085000_31145000-va-5,60000,0643.txt
annotated-1789000_1939000-random-1,150000,1143.txt
annotated-4646000_4796000-random-2,150000,1143.txt
annotated-6596000_6746000-random-3,150000,1143.txt
annotated-8534000_8586000-ext-va-1,52000,1143.txt
annotated-8586000_8646000-va-1,60000,1143.txt
annotated-8646000_8894000-ext-va-1,248000,1143.txt
annotated-9265000_9325000-va-2,60000,1143.txt
annotated-10131000_10191000-va-3,60000,1143.txt
annotated-10496000_10556000-va-4,60000,1143.txt
annotated-12549000_12699000-random-4,150000,1143.txt
annotated-16508000_16658000-random-5,150000,1143.txt
annotated-19850000_19910000-tt-1,60000,1143.txt
annotated-20060000_20120000-tt-2,60000,1143.txt
annotated-20355000_20415000-tt-3,60000,1143.txt
annotated-21265000_21325000-tt-4,60000,1143.txt
annotated-21388000_21448000-va-5,60000,1143.txt
annotated-22005000_22155000-random-6,150000,1143.txt
annotated-23084000_23144000-tt-5,60000,1143.txt
annotated-26095000_26245000-random-7,150000,1143.txt
annotated-28551000_28701000-random-8,150000,1143.txt
annotated-30300000_30450000-random-9,150000,1143.txt
annotated-3381000_3681000-random-1,300000,2109.txt
annotated-3912000_4212000-random-2,300000,2109.txt
annotated-4322000_4382000-tt-1,60000,2109.txt
annotated-5974000_6274000-random-3,300000,2109.txt
annotated-10967000_11267000-random-4,300000,2109.txt
annotated-14179000_14479000-random-5,300000,2109.txt
annotated-14676000_14736000-tt-2,60000,2109.txt
annotated-15473000_15533000-va-1,60000,2109.txt
annotated-15546000_15833000-extension_tt-3,287000,2109.txt
annotated-15833000_15893000-tt-3,60000,2109.txt
annotated-15893000_15906000-extension_tt-3,13000,2109.txt
annotated-18085000_18385000-random-6,300000,2109.txt
annotated-20171000_20231000-va-2,60000,2109.txt
annotated-22675000_22975000-random-7,300000,2109.txt
annotated-22975000_23035000-va-3,60000,2109.txt
annotated-24338000_24398000-tt-4,60000,2109.txt
annotated-24562000_24622000-va-4,60000,2109.txt
annotated-25200000_25260000-tt-5,60000,2109.txt
annotated-29116000_29416000-random-8,300000,2109.txt
annotated-30718000_30778000-va-5,60000,2109.txt
annotated-31613000_31913000-random-9,300000,2109.txt
annotated-2516000_2576000-va-1,60000,2625.txt
annotated-2721000_2781000-va-2,60000,2625.txt
annotated-4748000_5048000-random-1,300000,2625.txt
annotated-8681000_8741000-tt-1,60000,2625.txt
annotated-8741000_8801000-tt-2,60000,2625.txt
annotated-8801000_9101000-extension_tt-2,300000,2625.txt
annotated-9458000_9758000-random-2,300000,2625.txt
annotated-9974000_10034000-tt-3,60000,2625.txt
annotated-12237000_12537000-random-3,300000,2625.txt
annotated-12677000_12977000-random-4,300000,2625.txt
annotated-16406000_16706000-random-5,300000,2625.txt
annotated-16706000_16766000-va-3,60000,2625.txt
annotated-18146000_18206000-va-4,60000,2625.txt
annotated-18459000_18759000-random-6,300000,2625.txt
annotated-27365000_27665000-random-7,300000,2625.txt
annotated-30412000_30712000-random-8,300000,2625.txt
annotated-32174000_32474000-random-9,300000,2625.txt
annotated-32506000_32566000-va-5,60000,2625.txt
annotated-32702000_32762000-tt-4,60000,2625.txt
annotated-33154000_33214000-tt-5,60000,2625.txt
annotated-526000_676000-random-1,150000,2977.txt
annotated-877000_937000-tt-1,60000,2977.txt
annotated-2091000_2241000-random-2,150000,2977.txt
annotated-3587000_3647000-va-1,60000,2977.txt
annotated-3763000_3823000-va-2,60000,2977.txt
annotated-5858000_5918000-tt-2,60000,2977.txt
annotated-6315000_6465000-random-3,150000,2977.txt
annotated-6664000_6724000-tt-3,60000,2977.txt
annotated-7066000_7126000-va-3,60000,2977.txt
annotated-9948000_10098000-random-4,150000,2977.txt
annotated-11392000_11452000-va-4,60000,2977.txt
annotated-14066000_14216000-random-5,150000,2977.txt
annotated-17050000_17200000-random-6,150000,2977.txt
annotated-19907000_20057000-random-7 ,150000,2977.txt
annotated-20228000_20378000-random-8,150000,2977.txt
annotated-21025000_21085000-tt-4,60000,2977.txt
annotated-21085000_21385000-ext-tt-4,300000,2977.txt
annotated-22686000_22836000-random-9,150000,2977.txt
annotated-26272000_26332000-tt-5,60000,2977.txt
annotated-27976000_28036000-va-5,60000,2977.txt
annotated-1705000_1765000-va-1,60000,3026.txt
annotated-1772000_2072000-random-1,300000,3026.txt
annotated-2263000_2323000-tt-1,60000,3026.txt
annotated-3275000_3335000-va-2,60000,3026.txt
annotated-5355000_5415000-tt-2,60000,3026.txt
annotated-5731000_5791000-va-3,60000,3026.txt
annotated-5809000_6109000-random-2,300000,3026.txt
annotated-7252000_7312000-va-4,60000,3026.txt
annotated-8834000_9134000-random-3,300000,3026.txt
annotated-9858000_10158000-random-4,300000,3026.txt
annotated-13562000_13622000-tt-3,60000,3026.txt
annotated-15449000_15749000-random-5,300000,3026.txt
annotated-16867000_17112000-extension_tt-4,245000,3026.txt
annotated-17112000_17172000-tt-4,60000,3026.txt
annotated-17172000_17227000-extension_tt-4,55000,3026.txt
annotated-18232000_18532000-random-6,300000,3026.txt
annotated-26506000_26566000-tt-5,60000,3026.txt
annotated-29228000_29528000-random-7,300000,3026.txt
annotated-29873000_30173000-random-8,300000,3026.txt
annotated-30742000_30802000-va-5,60000,3026.txt
annotated-32388000_32688000-random-9,300000,3026.txt
annotated-1874000_2024000-random-1,150000,3729.txt
annotated-2897000_2957000-va-1,60000,3729.txt
annotated-4339000_4489000-random-2,150000,3729.txt
annotated-6323000_6383000-tt-1,60000,3729.txt
annotated-7377000_7527000-random-3,150000,3729.txt
annotated-9945000_10005000-tt-2,60000,3729.txt
annotated-10656000_10806000-random-4,150000,3729.txt
annotated-12679000_12829000-random-5,150000,3729.txt
annotated-15344000_15494000-random-6,150000,3729.txt
annotated-17142000_17202000-va-2,60000,3729.txt
annotated-17481000_17541000-tt-3,60000,3729.txt
annotated-17544000_17604000-va-3,60000,3729.txt
annotated-17791000_17851000-va-4,60000,3729.txt
annotated-18337000_18487000-random-7,150000,3729.txt
annotated-19623000_19683000-tt-4,60000,3729.txt
annotated-20694000_20844000-random-8,150000,3729.txt
annotated-23051000_23111000-va-5,60000,3729.txt
annotated-24068000_24128000-tt-5,60000,3729.txt
annotated-24128000_24428000-ext-tt-5,300000,3729.txt
annotated-26571000_26721000-random-9,150000,3729.txt
annotated-2244000_2394000-random-1,150000,3956.txt
annotated-3411000_3471000-tt-1,60000,3956.txt
annotated-3833000_3893000-va-1,60000,3956.txt
annotated-5638000_5698000-tt-2,60000,3956.txt
annotated-5784000_5934000-random-2,150000,3956.txt
annotated-6216000_6276000-va-2,60000,3956.txt
annotated-6812000_6872000-va-3,60000,3956.txt
annotated-6872000_7172000-ext-va-3,300000,3956.txt
annotated-7367000_7427000-tt-3,60000,3956.txt
annotated-8284000_8344000-va-4,60000,3956.txt
annotated-8630000_8780000-random-3,150000,3956.txt
annotated-11224000_11374000-random-4,150000,3956.txt
annotated-14455000_14515000-tt-4,60000,3956.txt
annotated-14654000_14804000-random-5,150000,3956.txt
annotated-19614000_19764000-random-6,150000,3956.txt
annotated-23176000_23236000-va-5,60000,3956.txt
annotated-23621000_23771000-random-7,150000,3956.txt
annotated-24699000_24849000-random-8,150000,3956.txt
annotated-27103000_27253000-random-9,150000,3956.txt
annotated-28648000_28708000-tt-5,60000,3956.txt
annotated-3441000_3591000-random-1,150000,4569.txt
annotated-5443000_5503000-va-1,60000,4569.txt
annotated-5503000_5653000-random-2,150000,4569.txt
annotated-7096000_7122000-ext-tt-1,26000,4569.txt
annotated-7122000_7182000-tt-1,60000,4569.txt
annotated-7182000_7216000-ext-tt-1,34000,4569.txt
annotated-7216000_7276000-tt-2,60000,4569.txt
annotated-7276000_7516000-ext-tt-1,240000,4569.txt
annotated-7923000_7983000-tt-3,60000,4569.txt
annotated-8263000_8323000-va-2,60000,4569.txt
annotated-9212000_9362000-random-3,150000,4569.txt
annotated-13650000_13800000-random-4,150000,4569.txt
annotated-14115000_14175000-va-3,60000,4569.txt
annotated-16185000_16245000-tt-4,60000,4569.txt
annotated-17516000_17666000-random-5,150000,4569.txt
annotated-18038000_18098000-va-4,60000,4569.txt
annotated-20405000_20465000-va-5,60000,4569.txt
annotated-23212000_23362000-random-6,150000,4569.txt
annotated-25976000_26036000-tt-5,60000,4569.txt
annotated-26555000_26705000-random-7,150000,4569.txt
annotated-29616000_29766000-random-8,150000,4569.txt
annotated-31309000_31459000-random-9,150000,4569.txt
annotated-1650000_1710000-va-1,60000,5019.txt
annotated-2821000_2881000-tt-1,60000,5019.txt
annotated-3027000_3087000-va-2,60000,5019.txt
annotated-3605000_3665000-tt-2,60000,5019.txt
annotated-3665000_3725000-tt-3,60000,5019.txt
annotated-3837000_3897000-va-3,60000,5019.txt
annotated-4311000_4371000-va-4,60000,5019.txt
annotated-4416000_4566000-random-1,150000,5019.txt
annotated-7436000_7586000-random-2 ,150000,5019.txt
annotated-10898000_11048000-random-3,150000,5019.txt
annotated-14509000_14659000-random-4,150000,5019.txt
annotated-14917000_15006000-ext-va-5,89000,5019.txt
annotated-15006000_15066000-va-5,60000,5019.txt
annotated-15066000_15277000-ext-va-5,211000,5019.txt
annotated-15373000_15433000-tt-4,60000,5019.txt
annotated-15652000_15802000-random-5,150000,5019.txt
annotated-18016000_18166000-random-6,150000,5019.txt
annotated-21683000_21833000-random-7,150000,5019.txt
annotated-25403000_25553000-random-8,150000,5019.txt
annotated-27357000_27507000-random-9,150000,5019.txt
annotated-30193000_30253000-tt-5,60000,5019.txt
annotated-866000_926000-tt-1,60000,6216.txt
annotated-1567000_1867000-random-1,300000,6216.txt
annotated-3363000_3663000-random-2,300000,6216.txt
annotated-4466000_4526000-tt-2,60000,6216.txt
annotated-6383000_6443000-tt-3,60000,6216.txt
annotated-6443000_6743000-extension_tt-3,300000,6216.txt
annotated-7475000_7775000-random-3,300000,6216.txt
annotated-7890000_7950000-va-1,60000,6216.txt
annotated-8880000_8940000-va-2,60000,6216.txt
annotated-13922000_14222000-random-4,300000,6216.txt
annotated-14337000_14637000-random-5,300000,6216.txt
annotated-16555000_16615000-va-3,60000,6216.txt
annotated-17788000_17848000-tt-4,60000,6216.txt
annotated-18248000_18548000-random-6,300000,6216.txt
annotated-18785000_19085000-random-7,300000,6216.txt
annotated-23844000_24144000-random-8,300000,6216.txt
annotated-24934000_24994000-tt-5,60000,6216.txt
annotated-25345000_25405000-va-4,60000,6216.txt
annotated-27323000_27383000-va-5,60000,6216.txt
annotated-28990000_29290000-random-9,300000,6216.txt
annotated-1061000_1121000-tt-1,60000,6934.txt
annotated-2330000_2390000-tt-2,60000,6934.txt
annotated-3571000_3721000-random-1,150000,6934.txt
annotated-7124000_7184000-tt-3,60000,6934.txt
annotated-7326000_7386000-va-1,60000,6934.txt
annotated-7386000_7686000-ext-va-1,300000,6934.txt
annotated-7771000_7831000-tt-4,60000,6934.txt
annotated-8280000_8340000-va-2,60000,6934.txt
annotated-9070000_9220000-random-2,150000,6934.txt
annotated-11517000_11667000-random-3,150000,6934.txt
annotated-13256000_13406000-random-4,150000,6934.txt
annotated-19798000_19858000-va-3,60000,6934.txt
annotated-21187000_21337000-random-5,150000,6934.txt
annotated-22402000_22462000-va-4,60000,6934.txt
annotated-22712000_22862000-random-6,150000,6934.txt
annotated-23662000_23812000-random-7,150000,6934.txt
annotated-26309000_26369000-va-5,60000,6934.txt
annotated-26925000_26985000-tt-5,60000,6934.txt
annotated-30474000_30624000-random-8,150000,6934.txt
annotated-33083000_33233000-random-9,150000,6934.txt
annotated-1701000_2001000-random-1,300000,7176.txt
annotated-7166000_7466000-random-2,300000,7176.txt
annotated-7671000_7971000-random-3,300000,7176.txt
annotated-9958000_10258000-random-4,300000,7176.txt
annotated-15223000_15283000-va-1,60000,7176.txt
annotated-15438000_15498000-va-2,60000,7176.txt
annotated-15498000_15798000-random-5,300000,7176.txt
annotated-15798000_15858000-va-3,60000,7176.txt
annotated-16719000_17019000-random-6,300000,7176.txt
annotated-19226000_19286000-tt-1,60000,7176.txt
annotated-19495000_19555000-tt-2,60000,7176.txt
annotated-22116000_22176000-va-4,60000,7176.txt
annotated-23405000_23465000-tt-3,60000,7176.txt
annotated-23480000_23557000-extension_tt-4,77000,7176.txt
annotated-23557000_23617000-tt-4,60000,7176.txt
annotated-23617000_23840000-extension_tt-4,223000,7176.txt
annotated-23840000_23900000-va-5,60000,7176.txt
annotated-29576000_29876000-random-7,300000,7176.txt
annotated-30145000_30445000-random-8,300000,7176.txt
annotated-30559000_30619000-tt-5,60000,7176.txt
annotated-31848000_32148000-random-9,300000,7176.txt
annotated-2014000_2314000-random-1,300000,7220.txt
annotated-2406000_2706000-random-2,300000,7220.txt
annotated-4466000_4766000-extension_tt-1,300000,7220.txt
annotated-4766000_4826000-tt-1,60000,7220.txt
annotated-5019000_5079000-tt-2,60000,7220.txt
annotated-5094000_5154000-tt-3,60000,7220.txt
annotated-5201000_5261000-va-1,60000,7220.txt
annotated-5414000_5474000-tt-4,60000,7220.txt
annotated-6114000_6414000-random-3,300000,7220.txt
annotated-6427000_6487000-tt-5,60000,7220.txt
annotated-7735000_7795000-va-2,60000,7220.txt
annotated-9856000_9916000-va-3,60000,7220.txt
annotated-10110000_10410000-random-4,300000,7220.txt
annotated-15218000_15278000-va-4,60000,7220.txt
annotated-15434000_15734000-random-5,300000,7220.txt
annotated-16692000_16992000-random-6,300000,7220.txt
annotated-18559000_18859000-random-7,300000,7220.txt
annotated-22495000_22795000-random-8,300000,7220.txt
annotated-30469000_30529000-va-5,60000,7220.txt
annotated-30589000_30889000-random-9,300000,7220.txt
annotated-3782000_4082000-random-1,300000,7326.txt
annotated-4382000_4442000-tt-1,60000,7326.txt
annotated-6365000_6425000-tt-2,60000,7326.txt
annotated-6534000_6594000-tt-3,60000,7326.txt
annotated-6918000_7218000-random-2,300000,7326.txt
annotated-8681000_8741000-va-1,60000,7326.txt
annotated-8982000_9042000-va-2,60000,7326.txt
annotated-9778000_10078000-random-3,300000,7326.txt
annotated-12275000_12575000-random-4,300000,7326.txt
annotated-14175000_14235000-tt-4,60000,7326.txt
annotated-14838000_15138000-random-5,300000,7326.txt
annotated-18352000_18652000-random-6,300000,7326.txt
annotated-23116000_23416000-random-7,300000,7326.txt
annotated-26875000_26935000-va-3,60000,7326.txt
annotated-26999000_27299000-random-8,300000,7326.txt
annotated-27377000_27677000-random-9,300000,7326.txt
annotated-27728000_27788000-va-4,60000,7326.txt
annotated-27797000_27857000-va-5,60000,7326.txt
annotated-27857000_28157000-extension_va-5,300000,7326.txt
annotated-28461000_28521000-tt-5,60000,7326.txt
annotated-2466000_2616000-random-1,150000,8018.txt
annotated-3190000_3340000-random-2,150000,8018.txt
annotated-4167000_4227000-va-1,60000,8018.txt
annotated-4242000_4302000-va-2,60000,8018.txt
annotated-4488000_4548000-va-3,60000,8018.txt
annotated-5270000_5420000-random-3,150000,8018.txt
annotated-6153000_6213000-tt-1,60000,8018.txt
annotated-7536000_7686000-random-4,150000,8018.txt
annotated-8855000_8915000-tt-2,60000,8018.txt
annotated-9680000_9830000-random-5,150000,8018.txt
annotated-15568000_15718000-random-6,150000,8018.txt
annotated-18004000_18154000-random-7,150000,8018.txt
annotated-20440000_20590000-random-8,150000,8018.txt
annotated-24830000_24890000-va-4,60000,8018.txt
annotated-24964000_25024000-tt-3,60000,8018.txt
annotated-25368000_25428000-tt-4,60000,8018.txt
annotated-25515000_25575000-tt-5,60000,8018.txt
annotated-26678000_26927000-ext-va-5,249000,8018.txt
annotated-26927000_26987000-va-5,60000,8018.txt
annotated-26987000_27038000-ext-va-5,51000,8018.txt
annotated-27038000_27188000-random-9,150000,8018.txt
annotated-1514000_1814000-random-1,300000,8179.txt
annotated-2316000_2616000-random-2,300000,8179.txt
annotated-6396000_6696000-random-3,300000,8179.txt
annotated-8938000_8998000-tt-1,60000,8179.txt
annotated-10277000_10337000-va-1,60000,8179.txt
annotated-10337000_10397000-va-2,60000,8179.txt
annotated-13826000_14126000-random-4,300000,8179.txt
annotated-16250000_16550000-random-5,300000,8179.txt
annotated-20123000_20183000-va-3,60000,8179.txt
annotated-20981000_21281000-random-6,300000,8179.txt
annotated-26680000_26980000-extension_tt-2,300000,8179.txt
annotated-26980000_27040000-tt-2,60000,8179.txt
annotated-27056000_27116000-tt-3,60000,8179.txt
annotated-27158000_27218000-tt-4,60000,8179.txt
annotated-27350000_27410000-tt-5,60000,8179.txt
annotated-28949000_29249000-random-7,300000,8179.txt
annotated-30001000_30301000-random-8,300000,8179.txt
annotated-31241000_31541000-random-9,300000,8179.txt
annotated-32886000_32946000-va-4,60000,8179.txt
annotated-35890000_35950000-va-5,60000,8179.txt
annotated-1783000_1933000-random-1,150000,8427.txt
annotated-2138000_2198000-tt-1,60000,8427.txt
annotated-2201000_2261000-tt-2,60000,8427.txt
annotated-2273000_2333000-va-1,60000,8427.txt
annotated-2333000_2483000-random-2,150000,8427.txt
annotated-2780000_2930000-random-3,150000,8427.txt
annotated-3354000_3414000-va-2,60000,8427.txt
annotated-8136000_8286000-random-4,150000,8427.txt
annotated-18719000_18869000-random-5,150000,8427.txt
annotated-19671000_19731000-va-3,60000,8427.txt
annotated-22171000_22231000-tt-3,60000,8427.txt
annotated-22242000_22302000-tt-4,60000,8427.txt
annotated-22360000_22510000-random-6,150000,8427.txt
annotated-23019000_23079000-tt-5,60000,8427.txt
annotated-23079000_23379000-ext-tt-5,300000,8427.txt
annotated-24215000_24275000-va-4,60000,8427.txt
annotated-25898000_26048000-random-7,150000,8427.txt
annotated-26324000_26474000-random-8,150000,8427.txt
annotated-27044000_27104000-va-5,60000,8427.txt
annotated-27708000_27858000-random-9,150000,8427.txt
annotated-3816000_4116000-random-1,300000,8787.txt
annotated-4978000_5038000-tt-1,60000,8787.txt
annotated-5891000_6191000-random-2,300000,8787.txt
annotated-9032000_9092000-tt-2,60000,8787.txt
annotated-9092000_9392000-extension_tt-2,300000,8787.txt
annotated-9492000_9552000-va-1,60000,8787.txt
annotated-12385000_12685000-random-3,300000,8787.txt
annotated-14451000_14751000-random-4,300000,8787.txt
annotated-14770000_15070000-random-5,300000,8787.txt
annotated-15241000_15301000-va-2,60000,8787.txt
annotated-19257000_19557000-random-6,300000,8787.txt
annotated-21812000_21872000-tt-3,60000,8787.txt
annotated-24797000_24857000-va-3,60000,8787.txt
annotated-24857000_24917000-tt-4,60000,8787.txt
annotated-25505000_25805000-random-7,300000,8787.txt
annotated-26978000_27278000-random-8,300000,8787.txt
annotated-27999000_28059000-va-4,60000,8787.txt
annotated-28128000_28188000-tt-5,60000,8787.txt
annotated-29369000_29669000-random-9,300000,8787.txt
annotated-35024000_35084000-va-5,60000,8787.txt
annotated-1114000_1264000-random-1,150000,9732.txt
annotated-2979000_3039000-va-1,60000,9732.txt
annotated-4270000_4330000-tt-1,60000,9732.txt
annotated-4696000_4846000-random-2,150000,9732.txt
annotated-5128000_5188000-va-2,60000,9732.txt
annotated-7756000_7816000-va-3,60000,9732.txt
annotated-8308000_8458000-random-3,150000,9732.txt
annotated-8844000_8994000-random-4,150000,9732.txt
annotated-10705000_10855000-random-5,150000,9732.txt
annotated-11248000_11308000-va-4,60000,9732.txt
annotated-12160000_12323000-ext-tt-2,163000,9732.txt
annotated-12323000_12383000-tt-2,60000,9732.txt
annotated-12383000_12520000-ext-tt-2,137000,9732.txt
annotated-13782000_13842000-tt-3,60000,9732.txt
annotated-17197000_17347000-random-6,150000,9732.txt
annotated-20507000_20657000-random-7,150000,9732.txt
annotated-21518000_21578000-tt-4,60000,9732.txt
annotated-22915000_22975000-tt-5,60000,9732.txt
annotated-23178000_23238000-va-5,60000,9732.txt
annotated-23376000_23526000-random-8,150000,9732.txt
annotated-25333000_25483000-random-9,150000,9732.txt
